Year,Week,Start date,End date
2006,1,1/1/2006,1/7/2006
2006,2,1/8/2006,1/14/2006
2006,3,1/15/2006,1/21/2006
2006,4,1/22/2006,1/28/2006
2006,5,1/29/2006,2/4/2006
2006,6,2/5/2006,2/11/2006
2006,7,2/12/2006,2/18/2006
2006,8,2/19/2006,2/25/2006
2006,9,2/26/2006,3/4/2006
2006,10,3/5/2006,3/11/2006
2006,11,3/12/2006,3/18/2006
2006,12,3/19/2006,3/25/2006
2006,13,3/26/2006,4/1/2006
2006,14,4/2/2006,4/8/2006
2006,15,4/9/2006,4/15/2006
2006,16,4/16/2006,4/22/2006
2006,17,4/23/2006,4/29/2006
2006,18,4/30/2006,5/6/2006
2006,19,5/7/2006,5/13/2006
2006,20,5/14/2006,5/20/2006
2006,21,5/21/2006,5/27/2006
2006,22,5/28/2006,6/3/2006
2006,23,6/4/2006,6/10/2006
2006,24,6/11/2006,6/17/2006
2006,25,6/18/2006,6/24/2006
2006,26,6/25/2006,7/1/2006
2006,27,7/2/2006,7/8/2006
2006,28,7/9/2006,7/15/2006
2006,29,7/16/2006,7/22/2006
2006,30,7/23/2006,7/29/2006
2006,31,7/30/2006,8/5/2006
2006,32,8/6/2006,8/12/2006
2006,33,8/13/2006,8/19/2006
2006,34,8/20/2006,8/26/2006
2006,35,8/27/2006,9/2/2006
2006,36,9/3/2006,9/9/2006
2006,37,9/10/2006,9/16/2006
2006,38,9/17/2006,9/23/2006
2006,39,9/24/2006,9/30/2006
2006,40,10/1/2006,10/7/2006
2006,41,10/8/2006,10/14/2006
2006,42,10/15/2006,10/21/2006
2006,43,10/22/2006,10/28/2006
2006,44,10/29/2006,11/4/2006
2006,45,11/5/2006,11/11/2006
2006,46,11/12/2006,11/18/2006
2006,47,11/19/2006,11/25/2006
2006,48,11/26/2006,12/2/2006
2006,49,12/3/2006,12/9/2006
2006,50,12/10/2006,12/16/2006
2006,51,12/17/2006,12/23/2006
2006,52,12/24/2006,12/30/2006
2007,1,12/31/2006,1/6/2007
2007,2,1/7/2007,1/13/2007
2007,3,1/14/2007,1/20/2007
2007,4,1/21/2007,1/27/2007
2007,5,1/28/2007,2/3/2007
2007,6,2/4/2007,2/10/2007
2007,7,2/11/2007,2/17/2007
2007,8,2/18/2007,2/24/2007
2007,9,2/25/2007,3/3/2007
2007,10,3/4/2007,3/10/2007
2007,11,3/11/2007,3/17/2007
2007,12,3/18/2007,3/24/2007
2007,13,3/25/2007,3/31/2007
2007,14,4/1/2007,4/7/2007
2007,15,4/8/2007,4/14/2007
2007,16,4/15/2007,4/21/2007
2007,17,4/22/2007,4/28/2007
2007,18,4/29/2007,5/5/2007
2007,19,5/6/2007,5/12/2007
2007,20,5/13/2007,5/19/2007
2007,21,5/20/2007,5/26/2007
2007,22,5/27/2007,6/2/2007
2007,23,6/3/2007,6/9/2007
2007,24,6/10/2007,6/16/2007
2007,25,6/17/2007,6/23/2007
2007,26,6/24/2007,6/30/2007
2007,27,7/1/2007,7/7/2007
2007,28,7/8/2007,7/14/2007
2007,29,7/15/2007,7/21/2007
2007,30,7/22/2007,7/28/2007
2007,31,7/29/2007,8/4/2007
2007,32,8/5/2007,8/11/2007
2007,33,8/12/2007,8/18/2007
2007,34,8/19/2007,8/25/2007
2007,35,8/26/2007,9/1/2007
2007,36,9/2/2007,9/8/2007
2007,37,9/9/2007,9/15/2007
2007,38,9/16/2007,9/22/2007
2007,39,9/23/2007,9/29/2007
2007,40,9/30/2007,10/6/2007
2007,41,10/7/2007,10/13/2007
2007,42,10/14/2007,10/20/2007
2007,43,10/21/2007,10/27/2007
2007,44,10/28/2007,11/3/2007
2007,45,11/4/2007,11/10/2007
2007,46,11/11/2007,11/17/2007
2007,47,11/18/2007,11/24/2007
2007,48,11/25/2007,12/1/2007
2007,49,12/2/2007,12/8/2007
2007,50,12/9/2007,12/15/2007
2007,51,12/16/2007,12/22/2007
2007,52,12/23/2007,12/29/2007
2008,1,12/30/2007,1/5/2008
2008,2,1/6/2008,1/12/2008
2008,3,1/13/2008,1/19/2008
2008,4,1/20/2008,1/26/2008
2008,5,1/27/2008,2/2/2008
2008,6,2/3/2008,2/9/2008
2008,7,2/10/2008,2/16/2008
2008,8,2/17/2008,2/23/2008
2008,9,2/24/2008,3/1/2008
2008,10,3/2/2008,3/8/2008
2008,11,3/9/2008,3/15/2008
2008,12,3/16/2008,3/22/2008
2008,13,3/23/2008,3/29/2008
2008,14,3/30/2008,4/5/2008
2008,15,4/6/2008,4/12/2008
2008,16,4/13/2008,4/19/2008
2008,17,4/20/2008,4/26/2008
2008,18,4/27/2008,5/3/2008
2008,19,5/4/2008,5/10/2008
2008,20,5/11/2008,5/17/2008
2008,21,5/18/2008,5/24/2008
2008,22,5/25/2008,5/31/2008
2008,23,6/1/2008,6/7/2008
2008,24,6/8/2008,6/14/2008
2008,25,6/15/2008,6/21/2008
2008,26,6/22/2008,6/28/2008
2008,27,6/29/2008,7/5/2008
2008,28,7/6/2008,7/12/2008
2008,29,7/13/2008,7/19/2008
2008,30,7/20/2008,7/26/2008
2008,31,7/27/2008,8/2/2008
2008,32,8/3/2008,8/9/2008
2008,33,8/10/2008,8/16/2008
2008,34,8/17/2008,8/23/2008
2008,35,8/24/2008,8/30/2008
2008,36,8/31/2008,9/6/2008
2008,37,9/7/2008,9/13/2008
2008,38,9/14/2008,9/20/2008
2008,39,9/21/2008,9/27/2008
2008,40,9/28/2008,10/4/2008
2008,41,10/5/2008,10/11/2008
2008,42,10/12/2008,10/18/2008
2008,43,10/19/2008,10/25/2008
2008,44,10/26/2008,11/1/2008
2008,45,11/2/2008,11/8/2008
2008,46,11/9/2008,11/15/2008
2008,47,11/16/2008,11/22/2008
2008,48,11/23/2008,11/29/2008
2008,49,11/30/2008,12/6/2008
2008,50,12/7/2008,12/13/2008
2008,51,12/14/2008,12/20/2008
2008,52,12/21/2008,12/27/2008
2008,53,12/28/2008,1/3/2009
2009,1,1/4/2009,1/10/2009
2009,2,1/11/2009,1/17/2009
2009,3,1/18/2009,1/24/2009
2009,4,1/25/2009,1/31/2009
2009,5,2/1/2009,2/7/2009
2009,6,2/8/2009,2/14/2009
2009,7,2/15/2009,2/21/2009
2009,8,2/22/2009,2/28/2009
2009,9,3/1/2009,3/7/2009
2009,10,3/8/2009,3/14/2009
2009,11,3/15/2009,3/21/2009
2009,12,3/22/2009,3/28/2009
2009,13,3/29/2009,4/4/2009
2009,14,4/5/2009,4/11/2009
2009,15,4/12/2009,4/18/2009
2009,16,4/19/2009,4/25/2009
2009,17,4/26/2009,5/2/2009
2009,18,5/3/2009,5/9/2009
2009,19,5/10/2009,5/16/2009
2009,20,5/17/2009,5/23/2009
2009,21,5/24/2009,5/30/2009
2009,22,5/31/2009,6/6/2009
2009,23,6/7/2009,6/13/2009
2009,24,6/14/2009,6/20/2009
2009,25,6/21/2009,6/27/2009
2009,26,6/28/2009,7/4/2009
2009,27,7/5/2009,7/11/2009
2009,28,7/12/2009,7/18/2009
2009,29,7/19/2009,7/25/2009
2009,30,7/26/2009,8/1/2009
2009,31,8/2/2009,8/8/2009
2009,32,8/9/2009,8/15/2009
2009,33,8/16/2009,8/22/2009
2009,34,8/23/2009,8/29/2009
2009,35,8/30/2009,9/5/2009
2009,36,9/6/2009,9/12/2009
2009,37,9/13/2009,9/19/2009
2009,38,9/20/2009,9/26/2009
2009,39,9/27/2009,10/3/2009
2009,40,10/4/2009,10/10/2009
2009,41,10/11/2009,10/17/2009
2009,42,10/18/2009,10/24/2009
2009,43,10/25/2009,10/31/2009
2009,44,11/1/2009,11/7/2009
2009,45,11/8/2009,11/14/2009
2009,46,11/15/2009,11/21/2009
2009,47,11/22/2009,11/28/2009
2009,48,11/29/2009,12/5/2009
2009,49,12/6/2009,12/12/2009
2009,50,12/13/2009,12/19/2009
2009,51,12/20/2009,12/26/2009
2009,52,12/27/2009,1/2/2010
2010,1,1/3/2010,1/9/2010
2010,2,1/10/2010,1/16/2010
2010,3,1/17/2010,1/23/2010
2010,4,1/24/2010,1/30/2010
2010,5,1/31/2010,2/6/2010
2010,6,2/7/2010,2/13/2010
2010,7,2/14/2010,2/20/2010
2010,8,2/21/2010,2/27/2010
2010,9,2/28/2010,3/6/2010
2010,10,3/7/2010,3/13/2010
2010,11,3/14/2010,3/20/2010
2010,12,3/21/2010,3/27/2010
2010,13,3/28/2010,4/3/2010
2010,14,4/4/2010,4/10/2010
2010,15,4/11/2010,4/17/2010
2010,16,4/18/2010,4/24/2010
2010,17,4/25/2010,5/1/2010
2010,18,5/2/2010,5/8/2010
2010,19,5/9/2010,5/15/2010
2010,20,5/16/2010,5/22/2010
2010,21,5/23/2010,5/29/2010
2010,22,5/30/2010,6/5/2010
2010,23,6/6/2010,6/12/2010
2010,24,6/13/2010,6/19/2010
2010,25,6/20/2010,6/26/2010
2010,26,6/27/2010,7/3/2010
2010,27,7/4/2010,7/10/2010
2010,28,7/11/2010,7/17/2010
2010,29,7/18/2010,7/24/2010
2010,30,7/25/2010,7/31/2010
2010,31,8/1/2010,8/7/2010
2010,32,8/8/2010,8/14/2010
2010,33,8/15/2010,8/21/2010
2010,34,8/22/2010,8/28/2010
2010,35,8/29/2010,9/4/2010
2010,36,9/5/2010,9/11/2010
2010,37,9/12/2010,9/18/2010
2010,38,9/19/2010,9/25/2010
2010,39,9/26/2010,10/2/2010
2010,40,10/3/2010,10/9/2010
2010,41,10/10/2010,10/16/2010
2010,42,10/17/2010,10/23/2010
2010,43,10/24/2010,10/30/2010
2010,44,10/31/2010,11/6/2010
2010,45,11/7/2010,11/13/2010
2010,46,11/14/2010,11/20/2010
2010,47,11/21/2010,11/27/2010
2010,48,11/28/2010,12/4/2010
2010,49,12/5/2010,12/11/2010
2010,50,12/12/2010,12/18/2010
2010,51,12/19/2010,12/25/2010
2010,52,12/26/2010,1/1/2011
2011,1,1/2/2011,1/8/2011
2011,2,1/9/2011,1/15/2011
2011,3,1/16/2011,1/22/2011
2011,4,1/23/2011,1/29/2011
2011,5,1/30/2011,2/5/2011
2011,6,2/6/2011,2/12/2011
2011,7,2/13/2011,2/19/2011
2011,8,2/20/2011,2/26/2011
2011,9,2/27/2011,3/5/2011
2011,10,3/6/2011,3/12/2011
2011,11,3/13/2011,3/19/2011
2011,12,3/20/2011,3/26/2011
2011,13,3/27/2011,4/2/2011
2011,14,4/3/2011,4/9/2011
2011,15,4/10/2011,4/16/2011
2011,16,4/17/2011,4/23/2011
2011,17,4/24/2011,4/30/2011
2011,18,5/1/2011,5/7/2011
2011,19,5/8/2011,5/14/2011
2011,20,5/15/2011,5/21/2011
2011,21,5/22/2011,5/28/2011
2011,22,5/29/2011,6/4/2011
2011,23,6/5/2011,6/11/2011
2011,24,6/12/2011,6/18/2011
2011,25,6/19/2011,6/25/2011
2011,26,6/26/2011,7/2/2011
2011,27,7/3/2011,7/9/2011
2011,28,7/10/2011,7/16/2011
2011,29,7/17/2011,7/23/2011
2011,30,7/24/2011,7/30/2011
2011,31,7/31/2011,8/6/2011
2011,32,8/7/2011,8/13/2011
2011,33,8/14/2011,8/20/2011
2011,34,8/21/2011,8/27/2011
2011,35,8/28/2011,9/3/2011
2011,36,9/4/2011,9/10/2011
2011,37,9/11/2011,9/17/2011
2011,38,9/18/2011,9/24/2011
2011,39,9/25/2011,10/1/2011
2011,40,10/2/2011,10/8/2011
2011,41,10/9/2011,10/15/2011
2011,42,10/16/2011,10/22/2011
2011,43,10/23/2011,10/29/2011
2011,44,10/30/2011,11/5/2011
2011,45,11/6/2011,11/12/2011
2011,46,11/13/2011,11/19/2011
2011,47,11/20/2011,11/26/2011
2011,48,11/27/2011,12/3/2011
2011,49,12/4/2011,12/10/2011
2011,50,12/11/2011,12/17/2011
2011,51,12/18/2011,12/24/2011
2011,52,12/25/2011,12/31/2011
2012,1,1/1/2012,1/7/2012
2012,2,1/8/2012,1/14/2012
2012,3,1/15/2012,1/21/2012
2012,4,1/22/2012,1/28/2012
2012,5,1/29/2012,2/4/2012
2012,6,2/5/2012,2/11/2012
2012,7,2/12/2012,2/18/2012
2012,8,2/19/2012,2/25/2012
2012,9,2/26/2012,3/3/2012
2012,10,3/4/2012,3/10/2012
2012,11,3/11/2012,3/17/2012
2012,12,3/18/2012,3/24/2012
2012,13,3/25/2012,3/31/2012
2012,14,4/1/2012,4/7/2012
2012,15,4/8/2012,4/14/2012
2012,16,4/15/2012,4/21/2012
2012,17,4/22/2012,4/28/2012
2012,18,4/29/2012,5/5/2012
2012,19,5/6/2012,5/12/2012
2012,20,5/13/2012,5/19/2012
2012,21,5/20/2012,5/26/2012
2012,22,5/27/2012,6/2/2012
2012,23,6/3/2012,6/9/2012
2012,24,6/10/2012,6/16/2012
2012,25,6/17/2012,6/23/2012
2012,26,6/24/2012,6/30/2012
2012,27,7/1/2012,7/7/2012
2012,28,7/8/2012,7/14/2012
2012,29,7/15/2012,7/21/2012
2012,30,7/22/2012,7/28/2012
2012,31,7/29/2012,8/4/2012
2012,32,8/5/2012,8/11/2012
2012,33,8/12/2012,8/18/2012
2012,34,8/19/2012,8/25/2012
2012,35,8/26/2012,9/1/2012
2012,36,9/2/2012,9/8/2012
2012,37,9/9/2012,9/15/2012
2012,38,9/16/2012,9/22/2012
2012,39,9/23/2012,9/29/2012
2012,40,9/30/2012,10/6/2012
2012,41,10/7/2012,10/13/2012
2012,42,10/14/2012,10/20/2012
2012,43,10/21/2012,10/27/2012
2012,44,10/28/2012,11/3/2012
2012,45,11/4/2012,11/10/2012
2012,46,11/11/2012,11/17/2012
2012,47,11/18/2012,11/24/2012
2012,48,11/25/2012,12/1/2012
2012,49,12/2/2012,12/8/2012
2012,50,12/9/2012,12/15/2012
2012,51,12/16/2012,12/22/2012
2012,52,12/23/2012,12/29/2012
2013,1,12/30/2012,1/5/2013
2013,2,1/6/2013,1/12/2013
2013,3,1/13/2013,1/19/2013
2013,4,1/20/2013,1/26/2013
2013,5,1/27/2013,2/2/2013
2013,6,2/3/2013,2/9/2013
2013,7,2/10/2013,2/16/2013
2013,8,2/17/2013,2/23/2013
2013,9,2/24/2013,3/2/2013
2013,10,3/3/2013,3/9/2013
2013,11,3/10/2013,3/16/2013
2013,12,3/17/2013,3/23/2013
2013,13,3/24/2013,3/30/2013
2013,14,3/31/2013,4/6/2013
2013,15,4/7/2013,4/13/2013
2013,16,4/14/2013,4/20/2013
2013,17,4/21/2013,4/27/2013
2013,18,4/28/2013,5/4/2013
2013,19,5/5/2013,5/11/2013
2013,20,5/12/2013,5/18/2013
2013,21,5/19/2013,5/25/2013
2013,22,5/26/2013,6/1/2013
2013,23,6/2/2013,6/8/2013
2013,24,6/9/2013,6/15/2013
2013,25,6/16/2013,6/22/2013
2013,26,6/23/2013,6/29/2013
2013,27,6/30/2013,7/6/2013
2013,28,7/7/2013,7/13/2013
2013,29,7/14/2013,7/20/2013
2013,30,7/21/2013,7/27/2013
2013,31,7/28/2013,8/3/2013
2013,32,8/4/2013,8/10/2013
2013,33,8/11/2013,8/17/2013
2013,34,8/18/2013,8/24/2013
2013,35,8/25/2013,8/31/2013
2013,36,9/1/2013,9/7/2013
2013,37,9/8/2013,9/14/2013
2013,38,9/15/2013,9/21/2013
2013,39,9/22/2013,9/28/2013
2013,40,9/29/2013,10/5/2013
2013,41,10/6/2013,10/12/2013
2013,42,10/13/2013,10/19/2013
2013,43,10/20/2013,10/26/2013
2013,44,10/27/2013,11/2/2013
2013,45,11/3/2013,11/9/2013
2013,46,11/10/2013,11/16/2013
2013,47,11/17/2013,11/23/2013
2013,48,11/24/2013,11/30/2013
2013,49,12/1/2013,12/7/2013
2013,50,12/8/2013,12/14/2013
2013,51,12/15/2013,12/21/2013
2013,52,12/22/2013,12/28/2013
2014,1,12/29/2013,1/4/2014
2014,2,1/5/2014,1/11/2014
2014,3,1/12/2014,1/18/2014
2014,4,1/19/2014,1/25/2014
2014,5,1/26/2014,2/1/2014
2014,6,2/2/2014,2/8/2014
2014,7,2/9/2014,2/15/2014
2014,8,2/16/2014,2/22/2014
2014,9,2/23/2014,3/1/2014
2014,10,3/2/2014,3/8/2014
2014,11,3/9/2014,3/15/2014
2014,12,3/16/2014,3/22/2014
2014,13,3/23/2014,3/29/2014
2014,14,3/30/2014,4/5/2014
2014,15,4/6/2014,4/12/2014
2014,16,4/13/2014,4/19/2014
2014,17,4/20/2014,4/26/2014
2014,18,4/27/2014,5/3/2014
2014,19,5/4/2014,5/10/2014
2014,20,5/11/2014,5/17/2014
2014,21,5/18/2014,5/24/2014
2014,22,5/25/2014,5/31/2014
2014,23,6/1/2014,6/7/2014
2014,24,6/8/2014,6/14/2014
2014,25,6/15/2014,6/21/2014
2014,26,6/22/2014,6/28/2014
2014,27,6/29/2014,7/5/2014
2014,28,7/6/2014,7/12/2014
2014,29,7/13/2014,7/19/2014
2014,30,7/20/2014,7/26/2014
2014,31,7/27/2014,8/2/2014
2014,32,8/3/2014,8/9/2014
2014,33,8/10/2014,8/16/2014
2014,34,8/17/2014,8/23/2014
2014,35,8/24/2014,8/30/2014
2014,36,8/31/2014,9/6/2014
2014,37,9/7/2014,9/13/2014
2014,38,9/14/2014,9/20/2014
2014,39,9/21/2014,9/27/2014
2014,40,9/28/2014,10/4/2014
2014,41,10/5/2014,10/11/2014
2014,42,10/12/2014,10/18/2014
2014,43,10/19/2014,10/25/2014
2014,44,10/26/2014,11/1/2014
2014,45,11/2/2014,11/8/2014
2014,46,11/9/2014,11/15/2014
2014,47,11/16/2014,11/22/2014
2014,48,11/23/2014,11/29/2014
2014,49,11/30/2014,12/6/2014
2014,50,12/7/2014,12/13/2014
2014,51,12/14/2014,12/20/2014
2014,52,12/21/2014,12/27/2014
2014,53,12/28/2014,1/3/2015
2015,1,1/4/2015,1/10/2015
2015,2,1/11/2015,1/17/2015
2015,3,1/18/2015,1/24/2015
2015,4,1/25/2015,1/31/2015
2015,5,2/1/2015,2/7/2015
2015,6,2/8/2015,2/14/2015
2015,7,2/15/2015,2/21/2015
2015,8,2/22/2015,2/28/2015
2015,9,3/1/2015,3/7/2015
2015,10,3/8/2015,3/14/2015
2015,11,3/15/2015,3/21/2015
2015,12,3/22/2015,3/28/2015
2015,13,3/29/2015,4/4/2015
2015,14,4/5/2015,4/11/2015
2015,15,4/12/2015,4/18/2015
2015,16,4/19/2015,4/25/2015
2015,17,4/26/2015,5/2/2015
2015,18,5/3/2015,5/9/2015
2015,19,5/10/2015,5/16/2015
2015,20,5/17/2015,5/23/2015
2015,21,5/24/2015,5/30/2015
2015,22,5/31/2015,6/6/2015
2015,23,6/7/2015,6/13/2015
2015,24,6/14/2015,6/20/2015
2015,25,6/21/2015,6/27/2015
2015,26,6/28/2015,7/4/2015
2015,27,7/5/2015,7/11/2015
2015,28,7/12/2015,7/18/2015
2015,29,7/19/2015,7/25/2015
2015,30,7/26/2015,8/1/2015
2015,31,8/2/2015,8/8/2015
2015,32,8/9/2015,8/15/2015
2015,33,8/16/2015,8/22/2015
2015,34,8/23/2015,8/29/2015
2015,35,8/30/2015,9/5/2015
2015,36,9/6/2015,9/12/2015
2015,37,9/13/2015,9/19/2015
2015,38,9/20/2015,9/26/2015
2015,39,9/27/2015,10/3/2015
2015,40,10/4/2015,10/10/2015
2015,41,10/11/2015,10/17/2015
2015,42,10/18/2015,10/24/2015
2015,43,10/25/2015,10/31/2015
2015,44,11/1/2015,11/7/2015
2015,45,11/8/2015,11/14/2015
2015,46,11/15/2015,11/21/2015
2015,47,11/22/2015,11/28/2015
2015,48,11/29/2015,12/5/2015
2015,49,12/6/2015,12/12/2015
2015,50,12/13/2015,12/19/2015
2015,51,12/20/2015,12/26/2015
2015,52,12/27/2015,1/2/2016
2016,1,1/3/2016,1/9/2016
2016,2,1/10/2016,1/16/2016
2016,3,1/17/2016,1/23/2016
2016,4,1/24/2016,1/30/2016
2016,5,1/31/2016,2/6/2016
2016,6,2/7/2016,2/13/2016
2016,7,2/14/2016,2/20/2016
2016,8,2/21/2016,2/27/2016
2016,9,2/28/2016,3/5/2016
2016,10,3/6/2016,3/12/2016
2016,11,3/13/2016,3/19/2016
2016,12,3/20/2016,3/26/2016
2016,13,3/27/2016,4/2/2016
2016,14,4/3/2016,4/9/2016
2016,15,4/10/2016,4/16/2016
2016,16,4/17/2016,4/23/2016
2016,17,4/24/2016,4/30/2016
2016,18,5/1/2016,5/7/2016
2016,19,5/8/2016,5/14/2016
2016,20,5/15/2016,5/21/2016
2016,21,5/22/2016,5/28/2016
2016,22,5/29/2016,6/4/2016
2016,23,6/5/2016,6/11/2016
2016,24,6/12/2016,6/18/2016
2016,25,6/19/2016,6/25/2016
2016,26,6/26/2016,7/2/2016
2016,27,7/3/2016,7/9/2016
2016,28,7/10/2016,7/16/2016
2016,29,7/17/2016,7/23/2016
2016,30,7/24/2016,7/30/2016
2016,31,7/31/2016,8/6/2016
2016,32,8/7/2016,8/13/2016
2016,33,8/14/2016,8/20/2016
2016,34,8/21/2016,8/27/2016
2016,35,8/28/2016,9/3/2016
2016,36,9/4/2016,9/10/2016
2016,37,9/11/2016,9/17/2016
2016,38,9/18/2016,9/24/2016
2016,39,9/25/2016,10/1/2016
2016,40,10/2/2016,10/8/2016
2016,41,10/9/2016,10/15/2016
2016,42,10/16/2016,10/22/2016
2016,43,10/23/2016,10/29/2016
2016,44,10/30/2016,11/5/2016
2016,45,11/6/2016,11/12/2016
2016,46,11/13/2016,11/19/2016
2016,47,11/20/2016,11/26/2016
2016,48,11/27/2016,12/3/2016
2016,49,12/4/2016,12/10/2016
2016,50,12/11/2016,12/17/2016
2016,51,12/18/2016,12/24/2016
2016,52,12/25/2016,12/31/2016
2017,1,1/1/2017,1/7/2017
2017,2,1/8/2017,1/14/2017
2017,3,1/15/2017,1/21/2017
2017,4,1/22/2017,1/28/2017
2017,5,1/29/2017,2/4/2017
2017,6,2/5/2017,2/11/2017
2017,7,2/12/2017,2/18/2017
2017,8,2/19/2017,2/25/2017
2017,9,2/26/2017,3/4/2017
2017,10,3/5/2017,3/11/2017
2017,11,3/12/2017,3/18/2017
2017,12,3/19/2017,3/25/2017
2017,13,3/26/2017,4/1/2017
2017,14,4/2/2017,4/8/2017
2017,15,4/9/2017,4/15/2017
2017,16,4/16/2017,4/22/2017
2017,17,4/23/2017,4/29/2017
2017,18,4/30/2017,5/6/2017
2017,19,5/7/2017,5/13/2017
2017,20,5/14/2017,5/20/2017
2017,21,5/21/2017,5/27/2017
2017,22,5/28/2017,6/3/2017
2017,23,6/4/2017,6/10/2017
2017,24,6/11/2017,6/17/2017
2017,25,6/18/2017,6/24/2017
2017,26,6/25/2017,7/1/2017
2017,27,7/2/2017,7/8/2017
2017,28,7/9/2017,7/15/2017
2017,29,7/16/2017,7/22/2017
2017,30,7/23/2017,7/29/2017
2017,31,7/30/2017,8/5/2017
2017,32,8/6/2017,8/12/2017
2017,33,8/13/2017,8/19/2017
2017,34,8/20/2017,8/26/2017
2017,35,8/27/2017,9/2/2017
2017,36,9/3/2017,9/9/2017
2017,37,9/10/2017,9/16/2017
2017,38,9/17/2017,9/23/2017
2017,39,9/24/2017,9/30/2017
2017,40,10/1/2017,10/7/2017
2017,41,10/8/2017,10/14/2017
2017,42,10/15/2017,10/21/2017
2017,43,10/22/2017,10/28/2017
2017,44,10/29/2017,11/4/2017
2017,45,11/5/2017,11/11/2017
2017,46,11/12/2017,11/18/2017
2017,47,11/19/2017,11/25/2017
2017,48,11/26/2017,12/2/2017
2017,49,12/3/2017,12/9/2017
2017,50,12/10/2017,12/16/2017
2017,51,12/17/2017,12/23/2017
2017,52,12/24/2017,12/30/2017
2018,1,12/31/2017,1/6/2018
2018,2,1/7/2018,1/13/2018
2018,3,1/14/2018,1/20/2018
2018,4,1/21/2018,1/27/2018
2018,5,1/28/2018,2/3/2018
2018,6,2/4/2018,2/10/2018
2018,7,2/11/2018,2/17/2018
2018,8,2/18/2018,2/24/2018
2018,9,2/25/2018,3/3/2018
2018,10,3/4/2018,3/10/2018
2018,11,3/11/2018,3/17/2018
2018,12,3/18/2018,3/24/2018
2018,13,3/25/2018,3/31/2018
2018,14,4/1/2018,4/7/2018
2018,15,4/8/2018,4/14/2018
2018,16,4/15/2018,4/21/2018
2018,17,4/22/2018,4/28/2018
2018,18,4/29/2018,5/5/2018
2018,19,5/6/2018,5/12/2018
2018,20,5/13/2018,5/19/2018
2018,21,5/20/2018,5/26/2018
2018,22,5/27/2018,6/2/2018
2018,23,6/3/2018,6/9/2018
2018,24,6/10/2018,6/16/2018
2018,25,6/17/2018,6/23/2018
2018,26,6/24/2018,6/30/2018
2018,27,7/1/2018,7/7/2018
2018,28,7/8/2018,7/14/2018
2018,29,7/15/2018,7/21/2018
2018,30,7/22/2018,7/28/2018
2018,31,7/29/2018,8/4/2018
2018,32,8/5/2018,8/11/2018
2018,33,8/12/2018,8/18/2018
2018,34,8/19/2018,8/25/2018
2018,35,8/26/2018,9/1/2018
2018,36,9/2/2018,9/8/2018
2018,37,9/9/2018,9/15/2018
2018,38,9/16/2018,9/22/2018
2018,39,9/23/2018,9/29/2018
2018,40,9/30/2018,10/6/2018
2018,41,10/7/2018,10/13/2018
2018,42,10/14/2018,10/20/2018
2018,43,10/21/2018,10/27/2018
2018,44,10/28/2018,11/3/2018
2018,45,11/4/2018,11/10/2018
2018,46,11/11/2018,11/17/2018
2018,47,11/18/2018,11/24/2018
2018,48,11/25/2018,12/1/2018
2018,49,12/2/2018,12/8/2018
2018,50,12/9/2018,12/15/2018
2018,51,12/16/2018,12/22/2018
2018,52,12/23/2018,12/29/2018
2019,1,12/30/2018,1/5/2019
2019,2,1/6/2019,1/12/2019
2019,3,1/13/2019,1/19/2019
2019,4,1/20/2019,1/26/2019
2019,5,1/27/2019,2/2/2019
2019,6,2/3/2019,2/9/2019
2019,7,2/10/2019,2/16/2019
2019,8,2/17/2019,2/23/2019
2019,9,2/24/2019,3/2/2019
2019,10,3/3/2019,3/9/2019
2019,11,3/10/2019,3/16/2019
2019,12,3/17/2019,3/23/2019
2019,13,3/24/2019,3/30/2019
2019,14,3/31/2019,4/6/2019
2019,15,4/7/2019,4/13/2019
2019,16,4/14/2019,4/20/2019
2019,17,4/21/2019,4/27/2019
2019,18,4/28/2019,5/4/2019
2019,19,5/5/2019,5/11/2019
2019,20,5/12/2019,5/18/2019
2019,21,5/19/2019,5/25/2019
2019,22,5/26/2019,6/1/2019
2019,23,6/2/2019,6/8/2019
2019,24,6/9/2019,6/15/2019
2019,25,6/16/2019,6/22/2019
2019,26,6/23/2019,6/29/2019
2019,27,6/30/2019,7/6/2019
2019,28,7/7/2019,7/13/2019
2019,29,7/14/2019,7/20/2019
2019,30,7/21/2019,7/27/2019
2019,31,7/28/2019,8/3/2019
2019,32,8/4/2019,8/10/2019
2019,33,8/11/2019,8/17/2019
2019,34,8/18/2019,8/24/2019
2019,35,8/25/2019,8/31/2019
2019,36,9/1/2019,9/7/2019
2019,37,9/8/2019,9/14/2019
2019,38,9/15/2019,9/21/2019
2019,39,9/22/2019,9/28/2019
2019,40,9/29/2019,10/5/2019
2019,41,10/6/2019,10/12/2019
2019,42,10/13/2019,10/19/2019
2019,43,10/20/2019,10/26/2019
2019,44,10/27/2019,11/2/2019
2019,45,11/3/2019,11/9/2019
2019,46,11/10/2019,11/16/2019
2019,47,11/17/2019,11/23/2019
2019,48,11/24/2019,11/30/2019
2019,49,12/1/2019,12/7/2019
2019,50,12/8/2019,12/14/2019
2019,51,12/15/2019,12/21/2019
2019,52,12/22/2019,12/28/2019
2020,1,12/29/2019,1/4/2020
2020,2,1/5/2020,1/11/2020
2020,3,1/12/2020,1/18/2020
2020,4,1/19/2020,1/25/2020
2020,5,1/26/2020,2/1/2020
2020,6,2/2/2020,2/8/2020
2020,7,2/9/2020,2/15/2020
2020,8,2/16/2020,2/22/2020
2020,9,2/23/2020,2/29/2020
2020,10,3/1/2020,3/7/2020
2020,11,3/8/2020,3/14/2020
2020,12,3/15/2020,3/21/2020
2020,13,3/22/2020,3/28/2020
2020,14,3/29/2020,4/4/2020
2020,15,4/5/2020,4/11/2020
2020,16,4/12/2020,4/18/2020
2020,17,4/19/2020,4/25/2020
2020,18,4/26/2020,5/2/2020
2020,19,5/3/2020,5/9/2020
2020,20,5/10/2020,5/16/2020
2020,21,5/17/2020,5/23/2020
2020,22,5/24/2020,5/30/2020
2020,23,5/31/2020,6/6/2020
2020,24,6/7/2020,6/13/2020
2020,25,6/14/2020,6/20/2020
2020,26,6/21/2020,6/27/2020
2020,27,6/28/2020,7/4/2020
2020,28,7/5/2020,7/11/2020
2020,29,7/12/2020,7/18/2020
2020,30,7/19/2020,7/25/2020
2020,31,7/26/2020,8/1/2020
2020,32,8/2/2020,8/8/2020
2020,33,8/9/2020,8/15/2020
2020,34,8/16/2020,8/22/2020
2020,35,8/23/2020,8/29/2020
2020,36,8/30/2020,9/5/2020
2020,37,9/6/2020,9/12/2020
2020,38,9/13/2020,9/19/2020
2020,39,9/20/2020,9/26/2020
2020,40,9/27/2020,10/3/2020
2020,41,10/4/2020,10/10/2020
2020,42,10/11/2020,10/17/2020
2020,43,10/18/2020,10/24/2020
2020,44,10/25/2020,10/31/2020
2020,45,11/1/2020,11/7/2020
2020,46,11/8/2020,11/14/2020
2020,47,11/15/2020,11/21/2020
2020,48,11/22/2020,11/28/2020
2020,49,11/29/2020,12/5/2020
2020,50,12/6/2020,12/12/2020
2020,51,12/13/2020,12/19/2020
2020,52,12/20/2020,1/2/2021
2021,1,1/3/2021,1/9/2021
2021,2,1/10/2021,1/16/2021
2021,3,1/17/2021,1/23/2021
2021,4,1/24/2021,1/30/2021
2021,5,1/31/2021,2/6/2021
2021,6,2/7/2021,2/13/2021
2021,7,2/14/2021,2/20/2021
2021,8,2/21/2021,2/27/2021
2021,9,2/28/2021,3/6/2021
2021,10,3/7/2021,3/13/2021
2021,11,3/14/2021,3/20/2021
2021,12,3/21/2021,3/27/2021
2021,13,3/28/2021,4/3/2021
2021,14,4/4/2021,4/10/2021
2021,15,4/11/2021,4/17/2021
2021,16,4/18/2021,4/24/2021
2021,17,4/25/2021,5/1/2021
2021,18,5/2/2021,5/8/2021
2021,19,5/9/2021,5/15/2021
2021,20,5/16/2021,5/22/2021
2021,21,5/23/2021,5/29/2021
2021,22,5/30/2021,6/5/2021
2021,23,6/6/2021,6/12/2021
2021,24,6/13/2021,6/19/2021
2021,25,6/20/2021,6/26/2021
2021,26,6/27/2021,7/3/2021
2021,27,7/4/2021,7/10/2021
2021,28,7/11/2021,7/17/2021
2021,29,7/18/2021,7/24/2021
2021,30,7/25/2021,7/31/2021
2021,31,8/1/2021,8/7/2021
2021,32,8/8/2021,8/14/2021
2021,33,8/15/2021,8/21/2021
2021,34,8/22/2021,8/28/2021
2021,35,8/29/2021,9/4/2021
2021,36,9/5/2021,9/11/2021
2021,37,9/12/2021,9/18/2021
2021,38,9/19/2021,9/25/2021
2021,39,9/26/2021,10/2/2021
2021,40,10/3/2021,10/9/2021
2021,41,10/10/2021,10/16/2021
2021,42,10/17/2021,10/23/2021
2021,43,10/24/2021,10/30/2021
2021,44,10/31/2021,11/6/2021
2021,45,11/7/2021,11/13/2021
2021,46,11/14/2021,11/20/2021
2021,47,11/21/2021,11/27/2021
2021,48,11/28/2021,12/4/2021
2021,49,12/5/2021,12/11/2021
2021,50,12/12/2021,12/18/2021
2021,51,12/19/2021,12/25/2021
2021,52,12/26/2021,1/1/2022
2022,1,1/2/2022,1/8/2022
2022,2,1/9/2022,1/15/2022
2022,3,1/16/2022,1/22/2022
2022,4,1/23/2022,1/29/2022
2022,5,1/30/2022,2/5/2022
2022,6,2/6/2022,2/12/2022
2022,7,2/13/2022,2/19/2022
2022,8,2/20/2022,2/26/2022
2022,9,2/27/2022,3/5/2022
2022,10,3/6/2022,3/12/2022
2022,11,3/13/2022,3/19/2022
2022,12,3/20/2022,3/26/2022
2022,13,3/27/2022,4/2/2022
2022,14,4/3/2022,4/9/2022
2022,15,4/10/2022,4/16/2022
2022,16,4/17/2022,4/23/2022
2022,17,4/24/2022,4/30/2022
2022,18,5/1/2022,5/7/2022
2022,19,5/8/2022,5/14/2022
2022,20,5/15/2022,5/21/2022
2022,21,5/22/2022,5/28/2022
2022,22,5/29/2022,6/4/2022
2022,23,6/5/2022,6/11/2022
2022,24,6/12/2022,6/18/2022
2022,25,6/19/2022,6/25/2022
2022,26,6/26/2022,7/2/2022
2022,27,7/3/2022,7/9/2022
2022,28,7/10/2022,7/16/2022
2022,29,7/17/2022,7/23/2022
2022,30,7/24/2022,7/30/2022
2022,31,7/31/2022,8/6/2022
2022,32,8/7/2022,8/13/2022
2022,33,8/14/2022,8/20/2022
2022,34,8/21/2022,8/27/2022
2022,35,8/28/2022,9/3/2022
2022,36,9/4/2022,9/10/2022
2022,37,9/11/2022,9/17/2022
2022,38,9/18/2022,9/24/2022
2022,39,9/25/2022,10/1/2022
2022,40,10/2/2022,10/8/2022
2022,41,10/9/2022,10/15/2022
2022,42,10/16/2022,10/22/2022
2022,43,10/23/2022,10/29/2022
2022,44,10/30/2022,11/5/2022
2022,45,11/6/2022,11/12/2022
2022,46,11/13/2022,11/19/2022
2022,47,11/20/2022,11/26/2022
2022,48,11/27/2022,12/3/2022
2022,49,12/4/2022,12/10/2022
2022,50,12/11/2022,12/17/2022
2022,51,12/18/2022,12/24/2022
2022,52,12/25/2022,12/31/2022
2023,1,1/1/2023,1/7/2023
2023,2,1/8/2023,1/14/2023
2023,3,1/15/2023,1/21/2023
2023,4,1/22/2023,1/28/2023
2023,5,1/29/2023,2/4/2023
2023,6,2/5/2023,2/11/2023
2023,7,2/12/2023,2/18/2023
2023,8,2/19/2023,2/25/2023
2023,9,2/26/2023,3/4/2023
2023,10,3/5/2023,3/11/2023
2023,11,3/12/2023,3/18/2023
2023,12,3/19/2023,3/25/2023
2023,13,3/26/2023,4/1/2023
2023,14,4/2/2023,4/8/2023
2023,15,4/9/2023,4/15/2023
2023,16,4/16/2023,4/22/2023
2023,17,4/23/2023,4/29/2023
2023,18,4/30/2023,5/6/2023
2023,19,5/7/2023,5/13/2023
2023,20,5/14/2023,5/20/2023
2023,21,5/21/2023,5/27/2023
2023,22,5/28/2023,6/3/2023
2023,23,6/4/2023,6/10/2023
2023,24,6/11/2023,6/17/2023
2023,25,6/18/2023,6/24/2023
2023,26,6/25/2023,7/1/2023
2023,27,7/2/2023,7/8/2023
2023,28,7/9/2023,7/15/2023
2023,29,7/16/2023,7/22/2023
2023,30,7/23/2023,7/29/2023
2023,31,7/30/2023,8/5/2023
2023,32,8/6/2023,8/12/2023
2023,33,8/13/2023,8/19/2023
2023,34,8/20/2023,8/26/2023
2023,35,8/27/2023,9/2/2023
2023,36,9/3/2023,9/9/2023
2023,37,9/10/2023,9/16/2023
2023,38,9/17/2023,9/23/2023
2023,39,9/24/2023,9/30/2023
2023,40,10/1/2023,10/7/2023
2023,41,10/8/2023,10/14/2023
2023,42,10/15/2023,10/21/2023
2023,43,10/22/2023,10/28/2023
2023,44,10/29/2023,11/4/2023
2023,45,11/5/2023,11/11/2023
2023,46,11/12/2023,11/18/2023
2023,47,11/19/2023,11/25/2023
2023,48,11/26/2023,12/2/2023
2023,49,12/3/2023,12/9/2023
2023,50,12/10/2023,12/16/2023
2023,51,12/17/2023,12/23/2023
2023,52,12/24/2023,12/30/2023
2024,1,12/31/2023,1/6/2024
2024,2,1/7/2024,1/13/2024
2024,3,1/14/2024,1/20/2024
2024,4,1/21/2024,1/27/2024
2024,5,1/28/2024,2/3/2024
2024,6,2/4/2024,2/10/2024
2024,7,2/11/2024,2/17/2024
2024,8,2/18/2024,2/24/2024
2024,9,2/25/2024,3/2/2024
2024,10,3/3/2024,3/9/2024
2024,11,3/10/2024,3/16/2024
2024,12,3/17/2024,3/23/2024
2024,13,3/24/2024,3/30/2024
2024,14,3/31/2024,4/6/2024
2024,15,4/7/2024,4/13/2024
2024,16,4/14/2024,4/20/2024
2024,17,4/21/2024,4/27/2024
2024,18,4/28/2024,5/4/2024
2024,19,5/5/2024,5/11/2024
2024,20,5/12/2024,5/18/2024
2024,21,5/19/2024,5/25/2024
2024,22,5/26/2024,6/1/2024
2024,23,6/2/2024,6/8/2024
2024,24,6/9/2024,6/15/2024
2024,25,6/16/2024,6/22/2024
2024,26,6/23/2024,6/29/2024
2024,27,6/30/2024,7/6/2024
2024,28,7/7/2024,7/13/2024
2024,29,7/14/2024,7/20/2024
2024,30,7/21/2024,7/27/2024
2024,31,7/28/2024,8/3/2024
2024,32,8/4/2024,8/10/2024
2024,33,8/11/2024,8/17/2024
2024,34,8/18/2024,8/24/2024
2024,35,8/25/2024,8/31/2024
2024,36,9/1/2024,9/7/2024
2024,37,9/8/2024,9/14/2024
2024,38,9/15/2024,9/21/2024
2024,39,9/22/2024,9/28/2024
2024,40,9/29/2024,10/5/2024
2024,41,10/6/2024,10/12/2024
2024,42,10/13/2024,10/19/2024
2024,43,10/20/2024,10/26/2024
2024,44,10/27/2024,11/2/2024
2024,45,11/3/2024,11/9/2024
2024,46,11/10/2024,11/16/2024
2024,47,11/17/2024,11/23/2024
2024,48,11/24/2024,11/30/2024
2024,49,12/1/2024,12/7/2024
2024,50,12/8/2024,12/14/2024
2024,51,12/15/2024,12/21/2024
2024,52,12/22/2024,12/28/2024
2025,1,12/29/2024,1/4/2025
2025,2,1/5/2025,1/11/2025
2025,3,1/12/2025,1/18/2025
2025,4,1/19/2025,1/25/2025
2025,5,1/26/2025,2/1/2025
2025,6,2/2/2025,2/8/2025
2025,7,2/9/2025,2/15/2025
2025,8,2/16/2025,2/22/2025
2025,9,2/23/2025,3/1/2025
2025,10,3/2/2025,3/8/2025
2025,11,3/9/2025,3/15/2025
2025,12,3/16/2025,3/22/2025
2025,13,3/23/2025,3/29/2025
2025,14,3/30/2025,4/5/2025
2025,15,4/6/2025,4/12/2025
2025,16,4/13/2025,4/19/2025
2025,17,4/20/2025,4/26/2025
2025,18,4/27/2025,5/3/2025
2025,19,5/4/2025,5/10/2025
2025,20,5/11/2025,5/17/2025
2025,21,5/18/2025,5/24/2025
2025,22,5/25/2025,5/31/2025
2025,23,6/1/2025,6/7/2025
2025,24,6/8/2025,6/14/2025
2025,25,6/15/2025,6/21/2025
2025,26,6/22/2025,6/28/2025
2025,27,6/29/2025,7/5/2025
2025,28,7/6/2025,7/12/2025
2025,29,7/13/2025,7/19/2025
2025,30,7/20/2025,7/26/2025
2025,31,7/27/2025,8/2/2025
2025,32,8/3/2025,8/9/2025
2025,33,8/10/2025,8/16/2025
2025,34,8/17/2025,8/23/2025
2025,35,8/24/2025,8/30/2025
2025,36,8/31/2025,9/6/2025
2025,37,9/7/2025,9/13/2025
2025,38,9/14/2025,9/20/2025
2025,39,9/21/2025,9/27/2025
2025,40,9/28/2025,10/4/2025
2025,41,10/5/2025,10/11/2025
2025,42,10/12/2025,10/18/2025
2025,43,10/19/2025,10/25/2025
2025,44,10/26/2025,11/1/2025
2025,45,11/2/2025,11/8/2025
2025,46,11/9/2025,11/15/2025
2025,47,11/16/2025,11/22/2025
2025,48,11/23/2025,11/29/2025
2025,49,11/30/2025,12/6/2025
2025,50,12/7/2025,12/13/2025
2025,51,12/14/2025,12/20/2025
2025,52,12/21/2025,12/27/2025
2025,53,12/28/2025,1/3/2026
